{"cameraMode":{"drawMode":0,"name":"Shaded","section":"Shading Mode"},"sceneLighting":false,"audioPlay":false,"sceneViewState":{"m_AlwaysRefresh":false,"showFog":true,"showSkybox":true,"showFlares":true,"showImageEffects":true,"showParticleSystems":true,"showVisualEffectGraphs":true,"m_FxEnabled":true},"in2DMode":false,"pivot":{"x":619.7335205078125,"y":11.033478736877442,"z":19.749753952026368},"rotation":{"x":0.07224775105714798,"y":0.558016836643219,"z":-0.048829082399606708,"w":0.8252614736557007},"size":0.4470282196998596,"orthographic":false}