{"cameraMode":{"drawMode":0,"name":"Shaded","section":"Shading Mode"},"sceneLighting":false,"audioPlay":false,"sceneViewState":{"m_AlwaysRefresh":false,"showFog":true,"showSkybox":false,"showFlares":true,"showImageEffects":true,"showParticleSystems":true,"showVisualEffectGraphs":true,"m_FxEnabled":true},"in2DMode":false,"pivot":{"x":14.910334587097168,"y":0.08705511689186096,"z":2.2575087547302248},"rotation":{"x":-0.01926351711153984,"y":-0.6658838391304016,"z":0.017173565924167634,"w":-0.7456308007240295},"size":9.550000190734864,"orthographic":false}